{
  "accept": "text/html,application/xhtml+xml,application/xml;q=0.9,image/avif,image/webp,image/apng,*/*;q=0.8,application/signed-exchange;v=b3;q=0.7",
  "accept-encoding": "gzip, deflate, br, zstd",
  "accept-language": "zh-CN,zh;q=0.9,en;q=0.8,en-GB;q=0.7,en-US;q=0.6",
  "cache-control": "max-age=0",
  "connection": "keep-alive",
  "cookie": "nouse=nouse; costumerid=costumeridprifixi2d7v6XdI; costumeridprifixi2d7v6XdI=0; ValidateNumber=\"Xp+eJg4lYN4=\"",
  "host": "www.scpublic.cn",
  "sec-ch-ua": "\"Chromium\";v=\"142\", \"Microsoft Edge\";v=\"142\", \"Not_A Brand\";v=\"99\"",
  "sec-ch-ua-mobile": "?0",
  "sec-ch-ua-platform": "\"Windows\"",
  "sec-fetch-dest": "document",
  "sec-fetch-mode": "navigate",
  "sec-fetch-site": "none",
  "sec-fetch-user": "?1",
  "upgrade-insecure-requests": "1",
  "user-agent": "Mozilla/5.0 (Windows NT 10.0; Win64; x64) AppleWebKit/537.36 (KHTML, like Gecko) Chrome/142.0.0.0 Safari/537.36 Edg/142.0.0.0"
}